State,District,N,OC,P,K,ACIDIC,NEUTRAL,BASIC
ANDAMAN AND NICOBAR ISLANDS,NICOBAR,99.11,65.96,78.16,89.89,35.27,8.53,56.2
ANDAMAN AND NICOBAR ISLANDS,NORTH AND MIDDLE ANDAMAN,99.91,85.85,98.35,85.05,94.44,1.52,4.05
ANDAMAN AND NICOBAR ISLANDS,SOUTH ANDAMAN,98.58,74.05,91.81,87.86,65.56,3.89,30.56
ANDHRA PRADESH,ANANTAPUR,92.62,54.21,6.13,15.85,0.0,100.0,0.0
ANDHRA PRADESH,CHITTOOR,96.23,36.68,11.63,49.93,0.0,100.0,0.0
ANDHRA PRADESH,EAST GODAVARI,95.82,24.8,13.7,18.62,0.0,100.0,0.0
ANDHRA PRADESH,GUNTUR,89.51,51.99,11.07,6.16,0.0,100.0,0.0
ANDHRA PRADESH,KRISHNA,90.28,21.44,2.28,26.2,0.0,100.0,0.0
ANDHRA PRADESH,KURNOOL,99.69,56.39,8.85,29.49,0.0,100.0,0.0
ANDHRA PRADESH,PRAKASAM,93.43,52.37,24.88,16.77,0.0,100.0,0.0
ANDHRA PRADESH,NELLORE,93.47,24.58,10.11,58.58,0.0,100.0,0.0
ANDHRA PRADESH,SRIKAKULAM,88.52,29.53,42.62,23.91,0.0,100.0,0.0
ANDHRA PRADESH,VISAKHAPATANAM,88.98,22.07,14.41,51.42,0.0,100.0,0.0
ANDHRA PRADESH,VIZIANAGARAM,94.23,35.39,9.17,23.2,0.0,100.0,0.0
ANDHRA PRADESH,WEST GODAVARI,87.25,33.02,3.41,56.53,0.0,100.0,0.0
ANDHRA PRADESH,Y.S.R.,98.59,63.67,19.79,28.43,0.0,100.0,0.0
ARUNACHAL PRADESH,CHANGLANG,7.28,26.47,96.8,21.61,96.49,1.1,2.4299999999999997
ARUNACHAL PRADESH,DIBANG VALLEY,0.48,5.07,79.85,20.27,99.88,0.0,0.12
ARUNACHAL PRADESH,EAST KAMENG,4.05,6.37,84.33,16.22,98.69,0.19,1.12
ARUNACHAL PRADESH,EAST SIANG,0.7,0.0,93.59,39.48,99.88,0.0,0.12
ARUNACHAL PRADESH,KRA DAADI,4.82,10.68,86.35,31.03,99.60999999999999,0.0,0.38
ARUNACHAL PRADESH,KURUNG KUMEY,1.37,3.62,93.98,18.42,97.42999999999999,0.86,1.72
ARUNACHAL PRADESH,LOHIT,3.6,8.64,72.63,12.6,99.37,0.27,0.36
ARUNACHAL PRADESH,LOWER DIBANG VALLEY,0.68,0.81,88.15,17.17,99.99999999999999,0.0,0.0
ARUNACHAL PRADESH,LOWER SUBANSIRI,51.58,6.0,57.24,41.33,97.99,0.44,1.56
ARUNACHAL PRADESH,PAPUM PARE,1.11,3.2,80.56,10.94,97.72,0.92,1.3599999999999999
ARUNACHAL PRADESH,TAWANG,5.08,9.46,82.87,8.11,90.91,1.25,7.84
ARUNACHAL PRADESH,UPPER SIANG,4.13,13.84,96.86,16.83,99.57000000000001,0.0,0.43
ARUNACHAL PRADESH,UPPER SUBANSIRI,0.88,23.12,84.47,33.08,97.66,0.13,2.21
ARUNACHAL PRADESH,WEST KAMENG,6.31,12.94,99.05,7.73,99.85000000000001,0.0,0.16
ARUNACHAL PRADESH,WEST SIANG,0.28,0.14,94.26,18.73,99.96000000000001,0.0,0.05
ASSAM,BAKSA,76.89,57.14,96.78,85.38,97.32,0.22,2.46
ASSAM,BARPETA,63.26,29.87,79.61,85.48,55.03,0.34,44.64
ASSAM,BISWANATH,93.69,43.37,94.08,28.57,98.67000000000002,0.26,1.07
ASSAM,BONGAIGAON,67.93,26.1,84.49,87.01,68.37,0.63,31.0
ASSAM,CACHAR,0.89,2.4,56.5,74.86,99.05000000000001,0.03,0.91
ASSAM,CHARAIDEO,100.0,33.33,100.0,100.0,100.0,0.0,0.0
ASSAM,CHIRANG,80.9,37.67,95.15,76.17,71.97,0.14,27.88
ASSAM,DARRANG,91.73,78.67,95.44,79.36,98.69,0.03,1.28
ASSAM,DHEMAJI,89.83,66.67,65.08,5.56,99.97999999999999,0.0,0.02
ASSAM,DHUBRI,0.26,1.19,18.65,78.11,99.92999999999999,0.0,0.06
ASSAM,DIBRUGARH,53.1,10.69,98.12,94.31,99.69,0.06,0.24000000000000002
ASSAM,GOALPARA,5.12,5.62,72.66,66.57,99.71,0.0,0.3
ASSAM,GOLAGHAT,29.08,1.23,97.57,83.23,99.78999999999999,0.04,0.16
ASSAM,HAILAKANDI,0.34,1.27,94.39,77.36,99.99000000000001,0.0,0.02
ASSAM,HOJAI,91.5,38.46,57.69,89.1,53.839999999999996,0.64,45.51
ASSAM,JORHAT,1.85,5.11,68.87,69.32,98.82,0.05,1.14
ASSAM,KAMRUP,4.12,5.12,72.62,85.6,98.03999999999999,0.29,1.66
ASSAM,KAMRUP METROPOLITAN,0.71,1.42,59.45,65.53,97.32,0.04,2.64
ASSAM,KARBI ANGLONG,87.37,55.81,65.79,7.29,99.96000000000001,0.05,0.0
ASSAM,KARIMGANJ,0.29,4.79,61.64,70.86,99.56,0.02,0.42000000000000004
ASSAM,KOKRAJHAR,86.58,82.04,85.25,88.64,28.44,0.25,71.31
ASSAM,LAKHIMPUR,91.47,57.44,79.52,61.3,99.6,0.0,0.4
ASSAM,MAJULI,2.68,7.38,71.81,76.18,92.62,0.0,7.38
ASSAM,MARIGAON,0.68,1.54,48.49,66.42,95.97,0.61,3.41
ASSAM,NAGAON,76.28,20.07,95.8,94.25,93.84,0.2,5.949999999999999
ASSAM,NALBARI,93.7,69.69,71.94,86.86,86.16999999999999,0.33,13.5
ASSAM,SIVASAGAR,57.98,10.13,98.96,86.9,99.86999999999999,0.03,0.1
ASSAM,SONITPUR,94.91,42.66,97.52,50.48,98.78,0.23,0.99
ASSAM,SOUTH SALMARA MANCACHAR,0.58,6.27,19.52,80.01,99.64999999999999,0.05,0.31
ASSAM,TINSUKIA,72.93,38.39,97.52,98.58,65.45,0.37,34.2
ASSAM,UDALGURI,0.28,0.75,5.85,67.97,99.97,0.0,0.03
BIHAR,ARARIA,31.55,15.45,52.91,49.67,99.94,0.0,0.06
BIHAR,ARWAL,38.28,34.76,31.97,95.65,43.97,0.09,55.94
BIHAR,AURANGABAD,0.0,0.0,0.0,50.0,0.0,0.0,100.0
BIHAR,BANKA,96.84,92.8,0.97,97.44,59.05,12.65,28.299999999999997
BIHAR,BEGUSARAI,99.6,31.94,5.29,4.36,30.63,9.84,59.53
BIHAR,BHAGALPUR,90.27,82.37,55.28,7.31,54.29,3.68,42.040000000000006
BIHAR,BHOJPUR,57.43,46.74,96.36,28.42,19.689999999999998,0.11,80.2
BIHAR,BUXAR,50.05,34.9,47.66,40.66,47.57,0.62,51.82
BIHAR,DARBHANGA,49.2,32.76,0.43,29.24,9.370000000000001,0.34,90.29
BIHAR,GAYA,0.0,0.0,0.0,0.0,0.0,0.0,100.0
BIHAR,GOPALGANJ,99.9,79.46,97.01,88.75,0.44,3.45,96.12
BIHAR,JAMUI,100.0,100.0,0.0,20.0,40.0,0.0,60.0
BIHAR,KAIMUR,58.73,51.23,20.58,75.65,19.689999999999998,0.26,80.06
BIHAR,KATIHAR,59.23,43.6,24.5,22.13,86.53,6.27,7.2
BIHAR,KHAGARIA,99.96,0.25,23.65,1.64,0.49,0.84,98.66999999999999
BIHAR,KISHANGANJ,100.0,100.0,0.0,0.0,100.0,0.0,0.0
BIHAR,MADHEPURA,70.67,39.63,15.73,11.37,39.72,3.27,57.02
BIHAR,MADHUBANI,58.82,23.53,0.0,47.06,64.7,0.0,35.29
BIHAR,MUNGER,41.73,30.14,3.68,0.5,28.53,0.11,71.37
BIHAR,MUZAFFARPUR,98.52,16.03,13.65,5.93,1.24,0.44,98.32
BIHAR,NALANDA,57.15,57.15,57.15,28.57,14.29,0.0,85.71
BIHAR,NAWADA,50.0,50.0,0.0,0.0,0.0,0.0,100.0
BIHAR,PASHCHIM CHAMPARAN,100.0,50.0,0.0,0.0,25.0,0.0,75.0
BIHAR,PATNA,25.37,10.72,1.21,22.32,52.04,9.22,38.74
BIHAR,PURVI CHAMPARAN,91.67,66.66,8.33,58.33,25.0,0.0,75.0
BIHAR,PURNIA,0.0,0.0,0.0,100.0,100.0,0.0,0.0
BIHAR,ROHTAS,22.44,8.75,2.38,1.14,45.410000000000004,0.51,54.06999999999999
BIHAR,SAHARSA,20.0,20.0,0.0,60.0,20.0,0.0,80.0
BIHAR,SAMASTIPUR,90.0,10.0,0.0,10.0,0.0,0.0,100.0
BIHAR,SARAN,100.0,44.44,0.0,0.0,5.56,0.0,94.44
BIHAR,SHEIKHPURA,100.0,57.14,42.86,14.29,0.0,0.0,100.0
BIHAR,SITAMARHI,54.98,22.51,15.17,93.04,45.35,0.2,54.44
BIHAR,SIWAN,94.91,42.37,25.42,23.73,5.07,0.0,94.91
BIHAR,SUPAUL,100.0,100.0,0.0,0.0,0.0,100.0,0.0
BIHAR,VAISHALI,100.0,57.14,42.86,14.29,0.0,0.0,100.0
CHANDIGARH,CHANDIGARH,52.47,93.7,34.56,50.82,5.430000000000001,2.76,91.82000000000001
CHHATTISGARH,BALOD,76.98,48.03,50.05,13.34,47.34,2.07,50.58
CHHATTISGARH,BALODA BAZAR,91.03,33.64,30.56,14.01,68.78,4.62,26.6
CHHATTISGARH,BALRAMPUR,81.84,58.93,12.11,21.37,97.34,0.22,2.44
CHHATTISGARH,BASTAR,73.4,52.95,27.85,26.85,94.0,0.94,5.06
CHHATTISGARH,BEMETARA,44.63,32.12,14.4,22.7,39.47,0.19,60.33
CHHATTISGARH,BIJAPUR,63.65,43.02,20.8,47.8,89.58,0.4,10.02
CHHATTISGARH,BILASPUR,62.28,42.54,24.62,28.64,67.84,4.3,27.86
CHHATTISGARH,DANTEWADA,61.02,55.48,36.46,26.94,94.88,0.34,4.78
CHHATTISGARH,DHAMTARI,87.91,43.44,52.62,9.72,74.07000000000001,1.61,24.33
CHHATTISGARH,DURG,21.18,4.27,6.83,7.68,56.51,0.32,43.16
CHHATTISGARH,GARIABAND,93.46,38.4,33.01,23.17,87.72,0.41,11.89
CHHATTISGARH,JANJGIR-CHAMPA,81.97,48.79,63.31,16.65,88.86,0.38,10.77
CHHATTISGARH,JASHPUR,71.34,42.48,40.53,39.44,99.28,0.11,0.62
CHHATTISGARH,KABIRDHAM,70.28,41.24,36.64,12.55,32.739999999999995,5.9,61.38
CHHATTISGARH,KANKER,38.55,59.58,43.48,39.1,79.8,0.48,19.71
CHHATTISGARH,KONDAGAON,71.0,67.07,64.79,24.55,97.41,0.25,2.3400000000000003
CHHATTISGARH,KORBA,63.67,43.9,28.71,22.96,95.33,0.31,4.35
CHHATTISGARH,KORIYA,78.75,53.3,13.86,20.56,95.94999999999999,0.9,3.16
CHHATTISGARH,MAHASAMUND,65.86,52.37,18.53,20.85,87.99000000000001,0.67,11.34
CHHATTISGARH,MUNGELI,72.22,55.09,30.84,10.8,40.0,5.95,54.05
CHHATTISGARH,NARAYANPUR,69.33,29.73,1.17,37.69,90.41999999999999,1.13,8.45
CHHATTISGARH,RAIGARH,63.55,60.43,34.83,18.71,89.94,1.21,8.84
CHHATTISGARH,RAIPUR,87.73,54.76,27.29,16.4,67.46,5.17,27.37
CHHATTISGARH,RAJNANDGAON,95.14,89.54,45.54,16.06,52.5,9.07,38.43
CHHATTISGARH,SUKMA,72.82,42.48,13.9,48.77,95.37,0.04,4.59
CHHATTISGARH,SURAJPUR,87.91,34.44,21.17,9.47,95.73,0.43,3.84
CHHATTISGARH,SURGUJA,77.81,52.41,13.42,7.54,96.71,0.79,2.49
DELHI,NORTH,0.0,0.0,100.0,50.0,0.0,0.0,100.0
DELHI,NORTH WEST,0.0,0.0,100.0,0.0,0.0,0.0,100.0
DELHI,SOUTH WEST,81.08,71.18,49.55,13.51,8.11,0.0,91.89
GOA,NORTH GOA,34.54,14.5,71.89,22.88,96.39,1.85,1.75
GOA,SOUTH GOA,15.29,3.88,75.25,23.29,96.95000000000002,0.34,2.7199999999999998
GUJARAT,AHMADABAD,99.98,32.9,32.56,20.02,19.849999999999998,2.06,78.09
GUJARAT,AMRELI,99.74,33.8,18.54,9.8,7.56,2.11,90.32
GUJARAT,ANAND,96.98,27.01,46.32,44.96,32.1,2.97,64.91
GUJARAT,ARAVALLI,100.0,43.09,16.56,37.15,8.21,1.16,90.62
GUJARAT,BANAS KANTHA,100.0,33.23,19.61,14.92,1.87,1.15,96.99
GUJARAT,BHARUCH,99.86,37.94,17.51,3.78,10.04,3.89,86.07
GUJARAT,BHAVNAGAR,99.98,32.66,18.94,10.15,4.25,2.55,93.2
GUJARAT,BOTAD,100.0,41.04,18.13,5.04,4.91,2.13,92.96000000000001
GUJARAT,CHHOTAUDEPUR,99.93,52.41,16.35,5.21,14.100000000000001,3.54,82.35000000000001
GUJARAT,DAHOD,98.77,51.89,7.32,13.31,7.57,3.7,88.72
GUJARAT,DANG,99.96,16.26,2.03,14.94,9.68,3.47,86.85
GUJARAT,DEVBHUMIDWARKA,99.74,39.71,29.63,26.43,0.27,0.16,99.58
GUJARAT,GANDHINAGAR,99.99,39.07,22.1,8.62,19.9,3.8,76.28999999999999
GUJARAT,GIRSOMNATH,96.94,35.64,10.04,2.95,9.01,2.59,88.39
GUJARAT,JAMNAGAR,99.89,16.91,16.03,18.76,4.07,1.43,94.5
GUJARAT,JUNAGADH,99.78,44.02,12.76,5.57,3.3499999999999996,4.18,92.47
GUJARAT,KACHCHH,100.0,68.21,11.29,8.13,5.23,1.63,93.14
GUJARAT,KHEDA,100.0,45.19,16.67,16.35,7.0,3.13,89.87
GUJARAT,MAHESANA,99.9,66.14,5.4,2.17,11.26,2.57,86.16000000000001
GUJARAT,MAHISAGAR,100.0,36.41,15.58,2.35,16.52,5.27,78.21000000000001
GUJARAT,MORBI,99.98,41.78,19.65,5.68,5.31,3.14,91.55
GUJARAT,NARMADA,99.99,52.87,12.19,3.53,9.53,3.15,87.31
GUJARAT,NAVSARI,98.83,51.69,17.52,6.61,14.07,4.04,81.89
GUJARAT,PANCH MAHALS,99.99,20.78,15.68,17.3,20.11,4.09,75.8
GUJARAT,PATAN,99.99,51.07,23.69,6.71,14.75,1.97,83.28
GUJARAT,PORBANDAR,99.99,57.37,10.44,1.22,6.42,0.61,92.97
GUJARAT,RAJKOT,99.82,49.18,31.15,0.89,4.44,1.77,93.8
GUJARAT,SABAR KANTHA,99.98,35.58,25.7,17.94,6.300000000000001,1.7,92.0
GUJARAT,SURAT,99.5,47.77,18.69,6.09,11.06,3.65,85.3
GUJARAT,SURENDRANAGAR,99.78,46.36,39.0,7.24,5.6,1.48,92.9
GUJARAT,TAPI,99.77,52.69,8.57,6.55,19.0,5.55,75.44
GUJARAT,VADODARA,99.97,43.8,33.28,19.87,20.07,3.11,76.82000000000001
GUJARAT,VALSAD,96.56,55.48,25.29,3.26,16.4,3.58,80.02
HARYANA,AMBALA,100.0,92.68,65.85,52.2,3.4899999999999998,1.49,95.01
HARYANA,BHIWANI,99.99,98.3,80.63,53.6,0.8200000000000001,0.92,98.25999999999999
HARYANA,FARIDABAD,99.9,99.88,99.93,1.95,0.03,0.4,99.58
HARYANA,FATEHABAD,99.76,92.82,79.31,50.85,2.05,0.43,97.53
HARYANA,GURGAON,97.71,95.04,75.81,56.48,1.35,1.28,97.38
HARYANA,HISAR,100.0,96.77,62.1,20.91,0.7200000000000001,2.51,96.77
HARYANA,JHAJJAR,100.0,97.01,93.51,23.41,1.37,1.34,97.29
HARYANA,JIND,99.97,98.72,92.72,5.59,0.5,0.57,98.91999999999999
HARYANA,KAITHAL,99.2,97.84,69.49,30.48,0.86,0.62,98.50999999999999
HARYANA,KARNAL,100.0,96.06,91.67,54.47,0.12,0.13,99.74
HARYANA,KURUKSHETRA,99.18,92.66,96.3,42.87,1.7399999999999998,1.51,96.75
HARYANA,MAHENDRAGARH,99.75,88.01,97.89,41.6,1.7999999999999998,0.17,98.03
HARYANA,MEWAT,99.99,95.66,81.22,31.43,0.54,0.77,98.69
HARYANA,PALWAL,99.99,99.27,99.11,10.52,0.14,0.09,99.76
HARYANA,PANCHKULA,96.97,94.57,36.64,65.18,10.620000000000001,3.19,86.17
HARYANA,PANIPAT,100.0,97.45,76.43,19.61,0.19,0.42,99.39
HARYANA,REWARI,100.0,96.43,91.82,74.57,0.12,3.57,96.31
HARYANA,ROHTAK,99.92,99.47,74.47,42.38,0.74,0.98,98.27
HARYANA,SIRSA,99.9,99.21,88.25,22.3,0.08,0.01,99.91
HARYANA,SONIPAT,99.89,92.09,95.83,31.29,0.29000000000000004,0.44,99.28
HARYANA,YAMUNANAGAR,100.0,98.05,81.12,74.28,6.890000000000001,2.66,90.44
HIMACHAL PRADESH,BILASPUR,40.76,29.6,47.11,16.37,31.29,0.34,68.37
HIMACHAL PRADESH,CHAMBA,30.43,2.14,12.01,7.27,39.97,0.62,59.42
HIMACHAL PRADESH,HAMIRPUR,24.08,14.14,5.38,4.15,70.02,6.18,23.81
HIMACHAL PRADESH,KANGRA,9.73,10.7,13.68,8.11,94.83999999999999,0.97,4.19
HIMACHAL PRADESH,KINNAUR,61.52,4.5,4.95,2.95,19.03,4.67,76.3
HIMACHAL PRADESH,KULLU,81.53,5.41,32.85,8.7,66.56,6.22,27.22
HIMACHAL PRADESH,LAHUL AND SPITI,86.8,2.3,15.34,3.96,48.809999999999995,6.86,44.33
HIMACHAL PRADESH,MANDI,98.31,2.63,24.32,8.33,76.67,5.5,17.82
HIMACHAL PRADESH,SHIMLA,9.61,7.16,6.47,25.93,65.03,0.15,34.82
HIMACHAL PRADESH,SIRMAUR,60.85,18.27,3.87,33.14,65.12,10.79,24.09
HIMACHAL PRADESH,SOLAN,21.31,7.06,6.26,3.98,56.53999999999999,0.82,42.64
HIMACHAL PRADESH,UNA,34.23,11.33,21.48,26.57,13.2,10.27,76.53
JAMMU AND KASHMIR,ANANTNAG,24.14,29.79,88.78,34.55,67.03999999999999,10.1,22.86
JAMMU AND KASHMIR,BADGAM,43.34,11.44,14.15,5.35,52.010000000000005,14.68,33.309999999999995
JAMMU AND KASHMIR,BANDIPORA,92.5,15.89,10.49,48.55,49.12,0.98,49.89
JAMMU AND KASHMIR,BARAMULLA,22.67,6.98,67.07,26.78,52.519999999999996,0.47,47.010000000000005
JAMMU AND KASHMIR,DODA,17.93,36.49,78.71,13.14,40.43,12.35,47.23
JAMMU AND KASHMIR,GANDERBAL,9.91,4.25,37.79,30.99,40.32,2.98,56.69
JAMMU AND KASHMIR,JAMMU,35.61,49.76,61.85,60.37,51.769999999999996,6.71,41.5
JAMMU AND KASHMIR,KATHUA,21.41,27.86,25.05,77.96,51.96,1.25,46.78
JAMMU AND KASHMIR,KISHTWAR,9.18,7.49,64.32,5.84,31.35,7.16,61.49
JAMMU AND KASHMIR,KULGAM,23.63,17.87,67.67,47.45,69.25,10.36,20.39
JAMMU AND KASHMIR,KUPWARA,37.53,20.17,53.38,31.64,69.61,2.36,28.029999999999998
JAMMU AND KASHMIR,POONCH,9.56,10.06,77.35,26.72,54.95,3.95,41.1
JAMMU AND KASHMIR,PULWAMA,23.24,1.92,18.64,6.5,77.27000000000001,2.58,20.15
JAMMU AND KASHMIR,RAJAURI,11.62,26.26,24.14,10.25,38.0,20.58,41.42
JAMMU AND KASHMIR,RAMBAN,9.9,12.15,48.74,57.67,68.06,6.05,25.89
JAMMU AND KASHMIR,REASI,13.48,15.59,86.05,51.0,55.53,2.09,42.379999999999995
JAMMU AND KASHMIR,SAMBA,57.78,70.14,71.46,58.99,25.799999999999997,4.72,69.49
JAMMU AND KASHMIR,SHOPIAN,8.07,1.81,4.13,18.02,95.92,1.19,2.8800000000000003
JAMMU AND KASHMIR,SRINAGAR,3.17,4.88,35.22,4.26,27.290000000000003,1.3,71.39999999999999
JAMMU AND KASHMIR,UDHAMPUR,18.13,20.12,48.86,56.51,67.07,10.63,22.3
JHARKHAND,BOKARO,74.25,59.98,73.51,47.3,93.84,0.21,5.949999999999999
JHARKHAND,CHATRA,64.57,54.82,38.08,36.6,74.78,0.9,24.32
JHARKHAND,DHANBAD,6.36,3.93,42.95,50.25,91.83000000000001,0.17,8.01
JHARKHAND,DUMKA,99.61,52.41,85.35,99.73,99.74,0.0,0.27
JHARKHAND,EAST SINGHBUM,72.06,48.85,66.08,55.9,95.69,0.93,3.37
JHARKHAND,GARHWA,4.76,37.65,73.81,82.14,73.26,1.16,25.58
JHARKHAND,GIRIDIH,53.22,36.09,52.96,31.67,92.13,0.87,7.0
JHARKHAND,GODDA,27.97,17.11,41.31,45.84,66.67,0.09,33.239999999999995
JHARKHAND,GUMLA,89.54,48.51,61.18,34.43,97.1,1.24,1.6500000000000001
JHARKHAND,HAZARIBAGH,56.36,64.81,83.63,32.81,83.81,1.94,14.25
JHARKHAND,JAMTARA,81.57,49.0,74.01,59.52,90.91,1.64,7.46
JHARKHAND,KHUNTI,59.86,32.62,63.98,20.23,99.42,0.04,0.54
JHARKHAND,KODERMA,57.49,60.12,51.38,45.88,93.85000000000001,0.62,5.54
JHARKHAND,LATEHAR,49.92,55.06,75.18,14.09,82.35,2.94,14.719999999999999
JHARKHAND,LOHARDAGA,57.19,24.6,53.91,18.4,99.85000000000001,0.0,0.14
JHARKHAND,PAKUR,86.61,70.82,58.14,95.46,99.52,0.0,0.48
JHARKHAND,PALAMU,16.09,9.76,86.82,37.4,38.089999999999996,0.0,61.900000000000006
JHARKHAND,RAMGARH,50.0,50.0,100.0,25.0,100.0,0.0,0.0
JHARKHAND,RANCHI,55.41,40.69,57.27,15.93,96.59000000000002,0.72,2.69
JHARKHAND,SAHEBGANJ,18.38,0.74,93.38,69.12,95.54999999999998,0.0,4.44
JHARKHAND,SARAIKELA KHARSAWAN,62.64,48.94,90.22,39.03,97.0,0.09,2.91
JHARKHAND,SIMDEGA,67.28,40.98,56.22,50.92,91.05,0.0,8.94
JHARKHAND,WEST SINGHBHUM,31.24,33.05,79.76,50.29,97.49,0.26,2.25
KARNATAKA,BAGALKOT,39.11,51.32,41.25,7.13,3.51,0.52,95.96000000000001
KARNATAKA,BENGALURU RURAL,96.44,43.01,12.25,25.74,78.56,0.42,21.03
KARNATAKA,BELGAUM,50.65,49.41,46.65,36.41,11.969999999999999,2.14,85.88
KARNATAKA,BELLARY,63.16,42.25,11.25,6.42,16.950000000000003,2.11,80.94
KARNATAKA,BENGALURU URBAN,96.99,52.81,12.53,25.02,58.86000000000001,0.55,40.589999999999996
KARNATAKA,BIDAR,85.1,43.79,88.63,8.62,23.84,6.37,69.8
KARNATAKA,BIJAPUR,76.7,75.32,52.59,6.57,2.0999999999999996,0.56,97.35
KARNATAKA,CHAMARAJANAGAR,12.25,91.77,24.67,17.58,28.33,0.28,71.39
KARNATAKA,CHIKKABALLAPUR,95.75,49.49,28.78,9.91,61.41,0.76,37.839999999999996
KARNATAKA,CHIKMAGALUR,75.0,35.91,20.03,12.71,56.29,0.41,43.29
KARNATAKA,CHITRADURGA,81.14,62.32,9.49,53.38,53.2,4.71,42.08
KARNATAKA,DAKSHIN KANNAD,100.0,4.0,64.96,94.5,95.13999999999999,0.46,4.41
KARNATAKA,DAVANGERE,70.4,28.49,5.73,8.82,42.28,5.61,52.11
KARNATAKA,DHARWAD,37.28,42.13,85.22,0.53,17.59,0.09,82.33
KARNATAKA,GADAG,83.25,54.19,62.42,2.26,2.26,0.07,97.68
KARNATAKA,GULBARGA,93.42,52.52,14.04,8.37,6.59,2.73,90.67999999999999
KARNATAKA,HASSAN,24.26,32.25,8.97,32.83,68.57000000000001,1.17,30.27
KARNATAKA,HAVERI,72.19,65.43,26.83,10.4,28.58,1.49,69.92999999999999
KARNATAKA,KODAGU,1.05,11.06,62.54,63.35,98.49,0.41,1.11
KARNATAKA,KOLAR,79.77,81.26,12.17,20.83,74.44,3.37,22.189999999999998
KARNATAKA,KOPPAL,93.51,66.72,35.69,0.89,18.810000000000002,1.15,80.05
KARNATAKA,MANDYA,41.85,26.78,14.31,8.02,61.44,6.22,32.35
KARNATAKA,MYSORE,89.49,36.2,22.5,8.22,59.67,0.49,39.84
KARNATAKA,RAICHUR,87.79,23.84,19.27,93.53,7.890000000000001,1.24,90.87
KARNATAKA,RAMANAGARA,79.1,69.21,30.12,22.9,76.65,2.86,20.5
KARNATAKA,SHIMOGA,97.03,41.48,19.76,41.42,93.86000000000001,0.91,5.2299999999999995
KARNATAKA,TUMKUR,92.35,86.18,51.11,14.44,53.58,8.67,37.739999999999995
KARNATAKA,UDUPI,99.66,12.61,24.25,60.02,99.00000000000001,0.01,0.99
KARNATAKA,UTTAR KANNAD,76.19,5.72,43.29,54.89,96.21000000000001,0.25,3.54
KARNATAKA,YADGIR,94.21,60.32,49.11,4.95,20.990000000000002,1.23,77.77000000000001
KERALA,ALAPPUZHA,99.69,38.06,18.8,63.76,89.69,2.19,8.12
KERALA,ERNAKULAM,100.0,28.48,26.36,31.25,96.88000000000001,0.2,2.9299999999999997
KERALA,IDUKKI,100.0,6.34,45.21,21.84,98.96,0.1,0.94
KERALA,KANNUR,100.0,22.47,42.59,34.66,92.02000000000001,1.45,6.52
KERALA,KASARAGOD,100.0,9.66,66.54,63.98,99.46000000000001,0.01,0.54
KERALA,KOLLAM,100.0,15.13,11.64,37.2,90.38,1.56,8.069999999999999
KERALA,KOTTAYAM,100.0,9.28,39.32,23.84,98.09,0.28,1.6300000000000001
KERALA,KOZHIKODE,100.0,11.82,44.66,29.76,97.25,1.17,1.6
KERALA,MALAPPURAM,100.0,22.08,43.68,24.87,93.23,1.5,5.28
KERALA,PALAKKAD,84.22,42.6,49.94,43.17,97.33999999999999,0.44,2.21
KERALA,PATHANAMTHITTA,100.0,2.7,16.44,29.33,89.99000000000001,2.08,7.92
KERALA,THIRUVANANTHAPURAM,100.0,33.7,29.61,38.2,89.09,1.77,9.15
KERALA,THRISSUR,100.0,17.38,28.97,25.08,97.59,0.19,2.2199999999999998
KERALA,WAYANAD,100.0,4.76,64.54,32.55,98.46,0.28,1.25
JAMMU AND KASHMIR,KARGIL,2.1,12.33,35.44,30.68,18.64,5.34,76.01
JAMMU AND KASHMIR,LEH LADAKH,8.68,2.79,16.82,57.3,1.1,0.18,98.71000000000001
MADHYA PRADESH,AGAR MALWA,91.08,35.61,48.83,9.31,33.19,0.82,65.99
MADHYA PRADESH,ALIRAJPUR,57.06,31.64,87.94,15.49,48.190000000000005,2.5,49.32
MADHYA PRADESH,ANUPPUR,52.03,31.17,31.37,15.15,76.89,4.27,18.84
MADHYA PRADESH,ASHOKNAGAR,98.15,49.26,97.49,29.18,6.74,0.07,93.19
MADHYA PRADESH,BALAGHAT,15.1,5.9,35.38,17.65,73.48,3.43,23.099999999999998
MADHYA PRADESH,BARWANI,58.97,21.35,33.49,14.89,31.58,2.6,65.83
MADHYA PRADESH,BETUL,93.5,60.52,93.48,6.71,44.589999999999996,0.72,54.68
MADHYA PRADESH,BHIND,99.9,96.34,99.44,0.75,0.11,0.39,99.51
MADHYA PRADESH,BHOPAL,68.74,39.42,72.05,16.08,16.46,9.33,74.21
MADHYA PRADESH,BURHANPUR,84.84,46.54,86.46,4.84,10.27,5.75,83.99
MADHYA PRADESH,CHHATARPUR,84.61,56.29,38.07,12.53,30.740000000000002,4.82,64.43
MADHYA PRADESH,CHHINDWARA,71.58,39.68,62.85,37.96,59.56,1.42,39.019999999999996
MADHYA PRADESH,DAMOH,32.29,15.37,60.15,17.05,27.39,8.8,63.8
MADHYA PRADESH,DATIA,87.94,46.27,43.41,4.3,2.31,0.08,97.62
MADHYA PRADESH,DEWAS,99.66,48.86,39.12,0.19,17.88,2.05,80.07
MADHYA PRADESH,DHAR,71.89,38.59,88.01,3.12,22.189999999999998,1.17,76.63
MADHYA PRADESH,DINDORI,26.74,14.85,94.11,7.07,89.7,0.17,10.12
MADHYA PRADESH,KHANDWA,83.14,15.15,82.57,17.01,7.29,15.43,77.27
MADHYA PRADESH,GUNA,76.88,12.46,95.47,77.89,9.0,0.1,90.89999999999999
MADHYA PRADESH,GWALIOR,99.24,31.85,18.29,0.6,11.389999999999999,7.51,81.08999999999999
MADHYA PRADESH,HARDA,81.56,18.59,27.07,3.67,41.919999999999995,10.64,47.449999999999996
MADHYA PRADESH,HOSHANGABAD,96.71,38.72,48.57,4.25,11.66,0.72,87.64
MADHYA PRADESH,INDORE,99.82,76.8,98.83,0.3,22.04,2.94,75.03
MADHYA PRADESH,JABALPUR,45.06,24.42,81.97,14.0,44.379999999999995,6.24,49.37
MADHYA PRADESH,JHABUA,64.69,27.56,81.75,8.2,7.28,23.6,69.12
MADHYA PRADESH,KATNI,72.56,26.67,11.61,15.63,43.54,0.51,55.96
MADHYA PRADESH,KHARGONE,78.16,34.01,87.64,3.34,3.0,0.52,96.47
MADHYA PRADESH,MANDLA,77.6,21.32,66.24,14.3,52.849999999999994,22.86,24.3
MADHYA PRADESH,MANDSAUR,58.6,15.99,70.69,12.26,9.98,0.18,89.83999999999999
MADHYA PRADESH,MORENA,96.19,59.64,27.19,2.77,3.7199999999999998,0.09,96.19
MADHYA PRADESH,NARSINGHPUR,90.53,50.86,51.3,18.18,8.89,0.13,90.98
MADHYA PRADESH,NEEMUCH,84.88,29.62,18.87,0.29,4.82,0.38,94.80999999999999
MADHYA PRADESH,PANNA,35.45,9.14,80.25,1.98,55.94,1.77,42.29
MADHYA PRADESH,RAISEN,94.66,43.14,76.11,15.67,20.84,0.23,78.92999999999999
MADHYA PRADESH,RAJGARH,78.96,42.57,51.65,4.59,6.43,2.84,90.75
MADHYA PRADESH,RATLAM,98.95,68.43,91.31,0.6,1.01,0.56,98.41
MADHYA PRADESH,REWA,75.95,25.38,19.29,8.79,20.009999999999998,0.01,79.99
MADHYA PRADESH,SAGAR,36.4,22.24,92.52,41.91,2.86,7.77,89.38
MADHYA PRADESH,SATNA,48.5,30.37,31.61,11.35,27.13,1.31,71.57000000000001
MADHYA PRADESH,SEHORE,58.91,19.22,90.56,1.34,0.16000000000000003,0.41,99.42999999999999
MADHYA PRADESH,SEONI,47.7,17.82,60.8,14.86,56.050000000000004,2.73,41.21
MADHYA PRADESH,SHAHDOL,42.86,22.44,92.64,7.91,64.16999999999999,4.56,31.26
MADHYA PRADESH,SHAJAPUR,80.66,26.62,56.46,24.0,48.34,0.05,51.61
MADHYA PRADESH,SHEOPUR,88.19,20.83,89.76,7.65,3.21,0.34,96.44
MADHYA PRADESH,SHIVPURI,83.11,39.55,60.49,17.69,14.32,0.05,85.62
MADHYA PRADESH,SIDHI,42.36,15.4,26.89,22.34,58.0,0.05,41.94
MADHYA PRADESH,SINGRAULI,86.15,54.47,33.17,19.95,69.0,1.6,29.4
MADHYA PRADESH,TIKAMGARH,63.39,51.57,52.95,5.54,34.879999999999995,9.88,55.24
MADHYA PRADESH,UJJAIN,94.0,34.26,56.06,4.06,6.57,2.69,90.72999999999999
MADHYA PRADESH,UMARIA,55.4,29.27,58.51,18.62,43.45,1.47,55.08
MADHYA PRADESH,VIDISHA,97.86,37.41,81.77,5.84,14.08,0.57,85.35000000000001
MAHARASHTRA,AHMEDNAGAR,48.87,40.78,41.14,7.65,3.63,0.2,96.17
MAHARASHTRA,AKOLA,35.84,51.16,7.52,1.15,0.62,0.26,99.13
MAHARASHTRA,AMRAVATI,63.25,64.62,29.94,0.48,1.3299999999999998,0.24,98.42999999999999
MAHARASHTRA,AURANGABAD,50.99,62.5,44.42,3.66,0.6599999999999999,0.28,99.05999999999999
MAHARASHTRA,BEED,88.65,63.27,29.66,3.54,0.0,0.0,100.0
MAHARASHTRA,BHANDARA,42.86,56.14,25.72,6.24,61.18000000000001,0.4,38.42
MAHARASHTRA,BULDHANA,38.93,49.94,22.05,3.86,4.94,0.55,94.51
MAHARASHTRA,CHANDRAPUR,75.85,87.22,2.62,1.24,58.78999999999999,3.3,37.900000000000006
MAHARASHTRA,DHULE,63.53,62.1,19.03,0.51,3.43,0.57,96.00999999999999
MAHARASHTRA,GADCHIROLI,52.24,75.43,22.26,1.54,62.79,2.68,34.54
MAHARASHTRA,GONDIA,50.26,81.42,12.17,1.0,29.07,1.16,69.77
MAHARASHTRA,HINGOLI,35.87,58.63,27.46,0.12,0.02,0.02,99.96000000000001
MAHARASHTRA,JALGAON,93.05,97.25,25.6,0.08,4.23,0.81,94.96
MAHARASHTRA,JALNA,83.74,58.96,42.76,4.47,1.01,0.13,98.86
MAHARASHTRA,KOLHAPUR,28.77,34.96,26.77,28.38,46.629999999999995,1.45,51.93
MAHARASHTRA,LATUR,73.97,74.92,74.7,1.4,1.8,0.81,97.38
MAHARASHTRA,NAGPUR,19.87,31.55,3.63,7.89,7.26,0.51,92.22
MAHARASHTRA,NANDED,16.37,29.59,79.86,1.59,0.8500000000000001,0.13,99.02
MAHARASHTRA,NANDURBAR,88.84,76.99,6.62,1.6,7.6899999999999995,0.83,91.47999999999999
MAHARASHTRA,NASHIK,61.98,42.31,11.13,10.39,8.25,0.94,90.81
MAHARASHTRA,OSMANABAD,18.79,37.49,73.54,0.41,0.4,0.32,99.27
MAHARASHTRA,PALGHAR,17.36,22.94,1.92,0.31,41.32,1.52,57.15
MAHARASHTRA,PARBHANI,46.48,70.08,54.52,0.3,0.35,0.32,99.33
MAHARASHTRA,PUNE,41.16,38.27,47.49,3.08,6.94,0.33,92.74
MAHARASHTRA,RAIGAD,28.92,17.88,21.7,6.03,85.01,0.51,14.479999999999999
MAHARASHTRA,RATNAGIRI,24.9,19.34,41.32,1.01,75.64,0.2,24.15
MAHARASHTRA,SANGLI,90.85,57.96,18.54,9.8,6.290000000000001,1.11,92.60000000000001
MAHARASHTRA,SATARA,91.18,79.07,30.88,21.82,11.67,0.17,88.18
MAHARASHTRA,SINDHUDURG,9.29,2.63,40.09,21.73,95.75,0.32,3.93
MAHARASHTRA,SOLAPUR,50.74,63.18,25.66,11.49,3.1,0.29,96.6
MAHARASHTRA,THANE,4.74,5.74,16.51,10.33,57.849999999999994,7.49,34.650000000000006
MAHARASHTRA,WARDHA,45.52,62.58,6.2,4.92,9.7,0.53,89.77
MAHARASHTRA,WASHIM,57.12,68.46,44.8,0.2,2.93,1.78,95.30000000000001
MAHARASHTRA,YAVATMAL,55.3,65.27,11.16,2.05,3.05,0.2,96.75
MANIPUR,BISHNUPUR,100.0,0.0,100.0,100.0,100.0,0.0,0.0
MANIPUR,CHANDEL,0.0,0.0,100.0,100.0,100.0,0.0,0.0
MANIPUR,TAMENGLONG,100.0,58.62,17.24,100.0,37.93,0.0,62.07
MANIPUR,THOUBAL,0.0,0.0,0.0,100.0,100.0,0.0,0.0
MANIPUR,UKHRUL,100.0,0.0,100.0,59.26,48.15,0.0,51.85
MEGHALAYA,EAST GARO HILLS,100.0,10.6,94.41,57.18,100.0,0.0,0.0
MEGHALAYA,EAST JAINTIA HILLS,100.0,9.83,87.66,60.54,99.96000000000001,0.0,0.04
MEGHALAYA,EAST KHASI HILLS,68.75,3.02,60.23,68.47,99.63,0.02,0.35
MEGHALAYA,NORTH GARO HILLS,0.0,26.55,84.79,56.72,100.0,0.0,0.0
MEGHALAYA,RI BHOI,88.89,3.64,72.77,54.99,99.97000000000001,0.0,0.03
MEGHALAYA,SOUTH GARO HILLS,100.0,11.1,94.4,94.5,100.0,0.0,0.0
MEGHALAYA,SOUTH WEST GARO HILLS,100.0,15.5,94.32,90.63,100.00999999999999,0.0,0.0
MEGHALAYA,SOUTH WEST KHASI HILLS,80.0,1.0,66.08,83.55,99.77000000000001,0.0,0.24
MEGHALAYA,WEST GARO HILLS,100.0,10.98,97.16,82.02,100.00999999999999,0.0,0.0
MEGHALAYA,WEST JAINTIA HILLS,74.93,4.23,64.72,43.42,99.93,0.03,0.03
MEGHALAYA,WEST KHASI HILLS,100.0,2.51,75.56,60.36,99.99,0.0,0.0
MIZORAM,AIZAWL,1.08,61.51,99.68,20.4,100.00999999999999,0.0,0.0
MIZORAM,CHAMPHAI,3.51,53.89,99.49,10.61,99.69,0.0,0.31
MIZORAM,KOLASIB,16.9,38.78,97.24,12.25,100.0,0.0,0.0
MIZORAM,LAWNGTLAI,28.21,39.64,88.23,27.95,99.82000000000001,0.0,0.18
MIZORAM,LUNGLEI,34.69,42.02,83.85,25.36,97.78999999999999,1.85,0.36
MIZORAM,MAMIT,1.91,22.19,99.82,7.36,99.92,0.0,0.09
MIZORAM,SAIHA,43.34,37.53,87.89,30.51,99.75999999999999,0.0,0.24
MIZORAM,SERCHHIP,3.51,84.36,99.86,3.79,100.0,0.0,0.0
NAGALAND,DIMAPUR,5.12,10.24,83.12,46.49,99.86,0.07,0.08
NAGALAND,KIPHIRE,5.79,5.93,100.0,11.03,100.0,0.0,0.0
NAGALAND,KOHIMA,3.73,2.06,88.15,31.56,99.26,0.14,0.5900000000000001
NAGALAND,LONGLENG,19.76,5.27,38.17,26.19,99.80999999999999,0.0,0.19
NAGALAND,MOKOKCHUNG,8.97,1.16,91.45,26.37,99.46999999999998,0.0,0.53
NAGALAND,MON,2.77,2.04,84.07,16.93,99.07,0.12,0.81
NAGALAND,PEREN,5.02,3.04,91.01,8.57,99.58,0.1,0.31
NAGALAND,PHEK,1.91,5.32,77.85,19.56,98.34,0.37,1.29
NAGALAND,TUENSANG,6.87,8.78,87.9,15.08,99.77,0.0,0.24
NAGALAND,WOKHA,3.89,4.14,85.98,24.15,99.94,0.07,0.0
NAGALAND,ZUNHEBOTO,0.47,0.37,94.61,20.25,93.85,0.76,5.39
ODISHA,ANGUL,100.0,15.15,79.18,16.43,87.52,0.43,12.04
ODISHA,BALANGIR,100.0,21.37,89.51,31.08,82.34,4.55,13.11
ODISHA,BALESHWAR,100.0,81.63,45.05,74.26,98.52000000000001,0.54,0.93
ODISHA,BARGARH,99.61,58.65,48.52,23.74,89.24,1.93,8.84
ODISHA,BHADRAK,89.23,32.61,87.18,80.24,98.88000000000001,0.09,1.03
ODISHA,BOUDH,75.0,59.66,58.59,17.73,65.19,4.46,30.35
ODISHA,CUTTACK,100.0,66.82,50.49,36.39,98.62,0.01,1.3800000000000001
ODISHA,DEOGARH,68.75,81.93,55.4,10.97,83.37,5.41,11.209999999999999
ODISHA,DHENKANAL,100.0,78.24,44.15,12.26,98.16000000000001,0.0,1.84
ODISHA,GAJAPATI,84.95,46.28,6.14,7.57,96.11,0.12,3.7800000000000002
ODISHA,GANJAM,100.0,27.8,78.98,30.77,79.96,3.76,16.29
ODISHA,JAGATSINGHPUR,0.0,77.83,71.78,39.19,99.69000000000001,0.02,0.28
ODISHA,JAJPUR,89.29,75.34,72.96,79.34,97.33,0.01,2.6599999999999997
ODISHA,JHARSUGUDA,100.0,65.22,68.73,67.48,99.92,0.02,0.06
ODISHA,KALAHANDI,96.88,59.02,49.43,1.63,93.69,0.95,5.369999999999999
ODISHA,KANDHAMAL,100.0,91.64,97.66,11.76,95.49000000000001,0.98,3.54
ODISHA,KENDRAPARA,100.0,55.27,70.0,35.3,99.60999999999999,0.01,0.38
ODISHA,KENDUJHAR,100.0,72.51,89.88,81.62,97.07,0.02,2.9099999999999997
ODISHA,KHORDHA,100.0,82.43,64.16,38.56,93.18999999999998,0.02,6.789999999999999
ODISHA,KORAPUT,54.93,57.15,86.65,12.0,98.55000000000001,0.1,1.36
ODISHA,MALKANGIRI,100.0,68.63,10.29,40.59,96.75999999999999,0.51,2.74
ODISHA,MAYURBHANJ,94.44,44.0,97.47,50.16,98.29,0.33,1.3800000000000001
ODISHA,NABARANGPUR,100.0,84.38,71.91,24.01,99.16,0.0,0.84
ODISHA,NAYAGARH,100.0,81.59,92.02,30.2,90.03999999999999,0.1,9.86
ODISHA,NUAPADA,100.0,62.12,87.67,4.89,90.59,3.2,6.21
ODISHA,PURI,95.58,82.02,80.46,65.38,99.36,0.04,0.6100000000000001
ODISHA,RAYAGADA,100.0,77.09,96.58,44.57,97.3,0.04,2.66
ODISHA,SAMBALPUR,95.0,77.03,63.65,13.31,88.36999999999999,2.83,8.8
ODISHA,SONEPUR,100.0,99.96,8.37,26.21,70.02,5.09,24.9
ODISHA,SUNDARGARH,100.0,30.6,47.2,34.19,99.57,0.29,0.14
PUDUCHERRY,KARAIKAL,100.0,0.0,52.11,50.83,66.11,1.96,31.93
PUDUCHERRY,PUDUCHERRY,98.54,0.0,99.87,28.28,14.41,3.41,82.19
PUNJAB,AMRITSAR,100.0,91.05,81.52,57.45,2.56,1.63,95.81
PUNJAB,BARNALA,55.53,61.33,83.69,75.32,3.9400000000000004,0.4,95.66
PUNJAB,BATHINDA,94.12,89.83,63.97,13.49,0.07,1.78,98.14999999999999
PUNJAB,FARIDKOT,100.0,93.33,55.22,12.28,0.01,0.02,99.97
PUNJAB,FATEHGARH SAHIB,100.0,81.25,54.99,31.53,0.5700000000000001,0.63,98.82000000000001
PUNJAB,FAZILKA,100.0,91.52,62.21,23.91,0.0,0.4,99.58999999999999
PUNJAB,FEROZEPUR,100.0,90.66,57.64,11.09,0.03,0.99,98.97999999999999
PUNJAB,GURDASPUR,48.38,97.9,58.55,37.75,0.47,2.72,96.82000000000001
PUNJAB,HOSHIARPUR,100.0,91.13,56.01,48.89,0.0,0.51,99.49000000000001
PUNJAB,JALANDHAR,100.0,96.12,82.25,47.43,0.01,0.23,99.75999999999999
PUNJAB,KAPURTHALA,100.0,78.53,64.3,13.44,0.49,0.21,99.31
PUNJAB,LUDHIANA,100.0,90.06,80.99,79.29,2.2399999999999998,0.59,97.16
PUNJAB,MANSA,60.0,93.07,68.7,9.25,0.44,0.74,98.82000000000001
PUNJAB,MOGA,100.0,97.74,77.61,39.11,1.1099999999999999,0.57,98.32000000000001
PUNJAB,MUKTSAR,100.0,87.21,61.43,8.02,0.99,0.31,98.71000000000001
PUNJAB,NAWANSHAHR,93.75,96.88,90.71,23.6,0.05,1.36,98.6
PUNJAB,PATHANKOT,100.0,97.53,60.77,22.04,0.03,1.0,98.96
PUNJAB,PATIALA,100.0,92.64,58.72,34.35,0.13,0.17,99.69999999999999
PUNJAB,RUPNAGAR,100.0,92.42,64.77,51.06,0.01,1.5,98.49
PUNJAB,S.A.S NAGAR,7.97,92.82,32.47,36.46,0.21,2.32,97.47
PUNJAB,SANGRUR,100.0,95.28,54.97,6.16,0.03,1.44,98.53
PUNJAB,TARN TARAN,100.0,92.91,58.77,29.85,0.0,1.12,98.88
RAJASTHAN,AJMER,100.0,86.82,31.3,8.57,0.05,0.26,99.69
RAJASTHAN,ALWAR,100.0,98.2,12.86,19.3,0.060000000000000005,0.26,99.69000000000001
RAJASTHAN,BANSWARA,87.5,58.0,24.42,8.81,6.36,1.21,92.44
RAJASTHAN,BARAN,0.0,47.65,19.24,19.93,4.46,0.2,95.34
RAJASTHAN,BARMER,0.0,98.01,20.09,9.03,0.08999999999999998,0.05,99.86
RAJASTHAN,BHARATPUR,100.0,77.19,38.19,10.36,1.1099999999999999,5.55,93.34
RAJASTHAN,BHILWARA,100.0,63.13,27.46,1.41,0.30000000000000004,1.59,98.11
RAJASTHAN,BIKANER,0.0,97.94,52.37,1.21,0.13999999999999999,0.05,99.84
RAJASTHAN,BUNDI,0.0,43.62,6.53,3.23,0.5700000000000001,0.36,99.06
RAJASTHAN,CHITTAURGARH,0.0,42.95,6.13,1.48,0.11000000000000001,0.84,99.06
RAJASTHAN,CHURU,0.0,99.36,96.03,1.61,0.07,0.06,99.85
RAJASTHAN,DAUSA,0.0,95.07,21.56,3.55,0.5700000000000001,0.68,98.76
RAJASTHAN,DHAULPUR,100.0,93.23,25.04,23.24,0.11000000000000001,0.24,99.64
RAJASTHAN,DUNGARPUR,100.0,45.44,12.03,7.67,0.78,0.46,98.75
RAJASTHAN,GANGANAGAR,100.0,94.83,24.63,1.99,0.13,0.12,99.74000000000001
RAJASTHAN,HANUMANGARH,100.0,96.92,31.83,6.95,0.05,0.02,99.93
RAJASTHAN,JAIPUR,83.34,85.78,29.27,26.09,0.22999999999999998,0.41,99.36000000000001
RAJASTHAN,JAISALMER,0.0,99.77,0.51,1.03,0.03,0.05,99.91
RAJASTHAN,JALORE,0.0,91.55,10.96,11.55,0.25,0.23,99.50999999999999
RAJASTHAN,JHALAWAR,0.0,65.1,15.45,5.02,0.06999999999999999,0.09,99.85
RAJASTHAN,JHUNJHUNU,0.0,91.67,8.55,23.06,0.16,0.32,99.50999999999999
RAJASTHAN,JODHPUR,100.0,94.53,6.83,5.56,0.21,0.17,99.62
RAJASTHAN,KARAULI,0.0,56.11,20.03,6.33,0.88,2.46,96.64
RAJASTHAN,KOTA,100.0,52.33,20.33,2.63,0.56,0.14,99.31
RAJASTHAN,NAGAUR,100.0,94.0,30.92,12.83,0.36000000000000004,0.14,99.50999999999999
RAJASTHAN,PALI,88.89,91.36,16.82,1.28,0.8300000000000001,0.22,98.94999999999999
RAJASTHAN,PRATAPGARH,0.0,64.72,4.91,2.94,5.58,0.09,94.33
RAJASTHAN,RAJSAMAND,0.0,55.97,19.52,4.01,2.43,2.22,95.35
RAJASTHAN,SAWAI MADHOPUR,0.0,94.47,39.06,1.76,0.23,1.03,98.75
RAJASTHAN,SIKAR,0.0,97.65,18.76,35.34,0.07,0.05,99.88
RAJASTHAN,SIROHI,100.0,73.47,4.32,1.37,0.6299999999999999,1.6,97.78
RAJASTHAN,TONK,100.0,91.53,4.06,8.29,0.3,0.24,99.46
RAJASTHAN,UDAIPUR,100.0,48.05,32.12,3.29,1.73,5.24,93.02
SIKKIM,EAST SIKKIM,28.06,0.21,42.82,2.36,93.61999999999999,2.76,3.62
SIKKIM,NORTH SIKKIM,37.07,0.15,54.11,1.35,84.91,5.53,9.57
SIKKIM,SOUTH SIKKIM,27.7,0.56,33.83,4.48,99.84,0.03,0.13
SIKKIM,WEST SIKKIM,27.18,0.21,46.37,4.58,91.6,3.67,4.73
TAMIL NADU,ARIYALUR,99.93,76.59,41.61,66.37,17.95,3.25,78.81
TAMIL NADU,COIMBATORE,99.56,93.66,98.47,6.19,10.79,5.06,84.17
TAMIL NADU,CUDDALORE,99.83,97.41,40.9,54.78,31.47,4.08,64.45
TAMIL NADU,DHARMAPURI,99.7,98.4,54.1,34.98,6.96,3.47,89.57000000000001
TAMIL NADU,DINDIGUL,89.68,83.32,32.92,8.02,6.74,5.54,87.72
TAMIL NADU,ERODE,98.75,88.88,86.83,22.47,10.52,2.28,87.18
TAMIL NADU,KANCHIPURAM,99.68,92.48,12.49,68.08,30.130000000000003,6.43,63.44
TAMIL NADU,KANNIYAKUMARI,95.01,76.11,45.07,58.18,90.63,1.66,7.71
TAMIL NADU,KARUR,98.43,40.63,66.15,18.58,6.66,1.58,91.77
TAMIL NADU,KRISHNAGIRI,99.09,93.24,48.94,31.74,42.25,5.56,52.19
TAMIL NADU,MADURAI,95.98,53.02,27.61,26.55,19.689999999999998,0.67,79.64
TAMIL NADU,NAGAPATTINAM,99.87,69.62,8.1,29.83,41.72,5.06,53.220000000000006
TAMIL NADU,NAMAKKAL,95.45,86.28,53.62,23.09,8.3,0.43,91.26
TAMIL NADU,PERAMBALUR,99.93,77.07,87.73,21.22,0.9199999999999999,0.37,98.71000000000001
TAMIL NADU,PUDUKKOTTAI,98.9,86.4,42.91,63.32,54.54,1.99,43.47
TAMIL NADU,RAMANATHAPURAM,99.71,85.43,38.52,14.5,38.02,0.63,61.35
TAMIL NADU,SALEM,95.33,94.79,80.58,16.95,10.96,2.56,86.49
TAMIL NADU,SIVAGANGA,98.34,94.43,33.06,17.11,62.650000000000006,2.43,34.919999999999995
TAMIL NADU,THANJAVUR,99.49,54.88,8.84,65.25,25.89,8.41,65.71000000000001
TAMIL NADU,THE NILGIRIS,96.57,24.44,29.43,55.89,97.48,0.52,1.99
TAMIL NADU,THENI,99.85,99.79,64.7,22.68,13.0,2.45,84.55
TAMIL NADU,THIRUVALLUR,99.83,84.1,24.09,40.56,56.68,6.88,36.43
TAMIL NADU,THIRUVARUR,99.95,80.8,22.24,28.53,34.47,4.69,60.83
TAMIL NADU,TIRUCHIRAPPALLI,99.93,87.74,59.1,18.1,9.600000000000001,1.78,88.63
TAMIL NADU,TIRUNELVELI,99.38,84.61,18.44,18.31,33.53,3.49,62.99
TAMIL NADU,TIRUPPUR,96.79,73.67,76.93,8.54,2.52,2.1,95.39999999999999
TAMIL NADU,TIRUVANNAMALAI,94.51,88.04,64.07,61.89,15.879999999999999,8.89,75.23
TAMIL NADU,THOOTHUKUDI,99.93,77.5,74.04,8.48,12.620000000000001,0.43,86.94
TAMIL NADU,VELLORE,89.36,71.93,80.04,29.65,12.45,0.42,87.13
TAMIL NADU,VILLUPURAM,99.42,73.87,35.16,48.65,17.83,5.04,77.14999999999999
TAMIL NADU,VIRUDHUNAGAR,99.08,89.1,73.53,14.59,8.950000000000001,1.01,90.03
TELANGANA,ADILABAD,81.39,93.29,96.5,37.11,13.64,0.39,85.98
TELANGANA,BHADRADRI KOTHAGUDEM,69.01,37.33,57.33,24.0,81.08,1.35,17.57
TELANGANA,JAGITIAL,75.96,76.77,20.54,28.74,15.43,2.53,82.03
TELANGANA,JANGOAN,81.42,62.08,21.26,16.77,75.66,0.23,24.11
TELANGANA,JAYASHANKAR BHUPALAPALLY,80.26,61.81,27.49,12.7,6.77,2.9,90.34
TELANGANA,JOGULAMBA GADWAL,90.4,48.68,16.55,41.87,24.490000000000002,0.22,75.28
TELANGANA,KAMAREDDY,70.98,50.76,29.48,25.93,20.259999999999998,34.48,45.26
TELANGANA,KARIMNAGAR,63.48,73.36,5.65,3.41,14.48,1.6,83.92
TELANGANA,KHAMMAM,96.26,57.86,26.61,45.77,21.64,1.0,77.36
TELANGANA,KUMURAM BHEEM ASIFABAD,69.83,85.31,40.46,13.3,17.37,0.74,81.88999999999999
TELANGANA,MAHABUBABAD,82.77,57.25,31.78,24.06,77.28,4.55,18.18
TELANGANA,MAHBUBNAGAR,96.01,56.46,0.57,11.22,25.53,1.42,73.05
TELANGANA,MANCHERIAL,67.44,74.19,30.07,9.18,12.71,0.66,86.61
TELANGANA,MEDAK,96.9,23.58,7.58,0.68,39.58,7.57,52.84
TELANGANA,MEDCHAL MALKAJGIRI,87.66,48.08,8.48,22.94,20.0,0.0,80.0
TELANGANA,MULUGU,86.66,86.67,26.66,13.33,40.0,6.67,53.33
TELANGANA,NAGARKURNOOL,78.35,58.92,9.5,20.47,57.699999999999996,0.0,42.31
TELANGANA,NALGONDA,42.48,59.78,24.06,7.14,12.450000000000001,1.51,86.03999999999999
TELANGANA,NARAYANAPET,90.68,52.24,12.87,21.12,51.760000000000005,1.3,46.93
TELANGANA,NIRMAL,66.81,76.83,54.46,31.88,24.630000000000003,0.27,75.11
TELANGANA,NIZAMABAD,99.67,99.11,1.0,75.51,0.51,0.0,99.48
TELANGANA,PEDDAPALLI,71.78,71.53,20.94,13.51,8.61,4.0,87.38
TELANGANA,RAJANNA SIRCILLA,82.37,60.39,11.51,23.71,12.600000000000001,1.6,85.81
TELANGANA,RANGAREDDI,96.55,60.52,3.88,43.04,23.91,1.29,74.79
TELANGANA,SANGAREDDY,89.3,47.87,11.04,23.54,24.089999999999996,4.22,71.67999999999999
TELANGANA,SIDDIPET,80.83,55.16,13.83,13.01,16.5,3.34,80.16
TELANGANA,SURYAPET,69.37,58.82,25.34,26.46,30.57,0.0,69.43
TELANGANA,VIKARABAD,94.41,56.41,5.77,25.13,17.78,0.37,81.85
TELANGANA,WANAPARTHY,91.35,57.26,6.31,20.39,46.15,0.0,53.85
TELANGANA,WARANGAL RURAL,89.6,66.13,24.82,12.03,53.58,10.71,35.71
TELANGANA,WARANGAL URBAN,96.43,75.0,17.85,0.0,16.18,1.73,82.1
TELANGANA,WARANGAL,93.01,70.56,21.33,6.01,34.89,6.22,58.910000000000004
TELANGANA,YADADRI BHUVANAGIRI,69.52,60.15,13.97,25.09,58.34,0.0,41.66
DADRA AND NAGAR HAVELI,DADRA AND NAGAR HAVELI,0.0,38.35,69.95,0.72,50.83,0.27,48.900000000000006
TRIPURA,DHALAI,50.0,21.91,46.54,81.15,99.64,0.0,0.35
TRIPURA,GOMATI,63.26,38.93,54.65,74.36,94.91,1.59,3.4899999999999998
TRIPURA,KHOWAI,15.39,18.72,51.77,87.15,99.16,0.0,0.84
TRIPURA,NORTH TRIPURA,100.0,25.89,52.98,85.18,99.93,0.0,0.08
TRIPURA,SEPAHIJALA,64.82,25.04,54.93,81.97,100.00999999999999,0.0,0.0
TRIPURA,SOUTH TRIPURA,50.0,16.37,58.62,82.06,99.92,0.0,0.07
TRIPURA,UNAKOTI,5.88,13.7,55.08,88.29,100.0,0.0,0.0
TRIPURA,WEST TRIPURA,20.7,14.89,56.48,87.33,99.7,0.0,0.3
UTTAR PRADESH,AGRA,99.6,93.61,90.55,4.03,2.2199999999999998,5.02,92.75
UTTAR PRADESH,ALIGARH,97.6,96.48,98.21,7.72,1.3599999999999999,6.75,91.89
UTTAR PRADESH,ALLAHABAD,97.36,95.73,96.47,5.4,3.78,4.32,91.89
UTTAR PRADESH,AMBEDKAR NAGAR,99.82,97.74,94.62,38.02,2.2199999999999998,3.25,94.52
UTTAR PRADESH,AMETHI,53.3,89.36,97.58,22.16,26.27,3.55,70.18
UTTAR PRADESH,AMROHA,99.81,91.16,93.27,24.08,4.130000000000001,12.12,83.75
UTTAR PRADESH,AURAIYA,99.88,95.28,96.43,1.02,0.06,6.45,93.48
UTTAR PRADESH,AYODHYA,99.83,98.64,98.87,2.55,4.84,0.2,94.96000000000001
UTTAR PRADESH,AZAMGARH,99.53,81.67,93.51,31.25,0.38,0.6,99.00999999999999
UTTAR PRADESH,BAGHPAT,99.93,94.11,93.62,58.6,0.8400000000000001,1.16,98.0
UTTAR PRADESH,BAHRAICH,99.9,91.5,99.54,0.62,8.42,4.58,87.0
UTTAR PRADESH,BALLIA,100.0,99.16,99.7,34.61,0.02,6.55,93.41
UTTAR PRADESH,BALRAMPUR,99.73,83.73,94.2,48.42,1.8599999999999999,16.23,81.92
UTTAR PRADESH,BANDA,99.82,92.42,93.35,58.01,3.39,35.7,60.9
UTTAR PRADESH,BARABANKI,98.84,95.53,95.71,27.81,12.16,4.75,83.09
UTTAR PRADESH,BAREILLY,99.9,93.03,77.87,48.66,2.79,7.73,89.47
UTTAR PRADESH,BASTI,99.8,95.13,96.93,5.96,14.55,11.71,73.74000000000001
UTTAR PRADESH,BIJNOR,99.37,93.29,97.45,24.84,1.1600000000000001,5.04,93.79
UTTAR PRADESH,BUDAUN,99.76,64.52,72.88,39.82,17.63,12.1,70.27000000000001
UTTAR PRADESH,BULANDSHAHR,99.75,93.27,98.36,16.54,7.209999999999999,3.81,88.98
UTTAR PRADESH,CHANDAULI,98.59,97.24,98.45,24.52,3.58,5.79,90.61
UTTAR PRADESH,CHITRAKOOT,99.77,79.04,97.08,47.93,0.87,17.68,81.44
UTTAR PRADESH,DEORIA,99.61,84.71,95.11,7.0,1.7600000000000002,9.65,88.58999999999999
UTTAR PRADESH,ETAH,99.79,96.14,99.47,0.78,2.65,0.33,97.03
UTTAR PRADESH,ETAWAH,99.58,97.42,98.32,31.66,0.16,1.46,98.38
UTTAR PRADESH,FARRUKHABAD,99.96,96.3,94.44,4.95,0.8500000000000001,5.22,93.92999999999999
UTTAR PRADESH,FATEHPUR,98.11,97.07,93.92,4.2,5.119999999999999,7.87,87.01
UTTAR PRADESH,FIROZABAD,98.61,93.18,80.3,18.85,3.84,1.38,94.78
UTTAR PRADESH,GAUTAM BUDDHA NAGAR,99.85,79.94,97.91,12.6,0.45999999999999996,0.04,99.48
UTTAR PRADESH,GHAZIABAD,99.94,85.03,95.02,10.09,0.51,1.9,97.60000000000001
UTTAR PRADESH,GHAZIPUR,99.84,92.96,97.16,42.68,0.15999999999999998,2.32,97.51
UTTAR PRADESH,GONDA,97.52,95.44,95.2,49.47,1.35,3.72,94.92999999999999
UTTAR PRADESH,GORAKHPUR,99.87,78.73,97.51,38.7,5.4,8.0,86.6
UTTAR PRADESH,HAMIRPUR,99.94,87.08,90.76,20.59,1.05,7.74,91.22
UTTAR PRADESH,HAPUR,99.85,86.67,85.88,29.63,5.89,2.8,91.30000000000001
UTTAR PRADESH,HARDOI,99.77,96.62,36.88,0.62,0.09999999999999999,0.03,99.86
UTTAR PRADESH,HATHRAS,99.78,95.27,99.13,23.48,3.02,2.06,94.91
UTTAR PRADESH,JALAUN,99.49,75.75,98.11,1.13,11.17,8.7,80.13
UTTAR PRADESH,JAUNPUR,99.23,6.8,98.24,44.39,1.27,1.59,97.14
UTTAR PRADESH,JHANSI,99.77,79.36,94.1,2.44,2.08,12.21,85.7
UTTAR PRADESH,KANNAUJ,99.93,98.96,98.98,1.57,3.27,3.73,93.0
UTTAR PRADESH,KANPUR DEHAT,99.87,93.31,94.12,8.44,1.72,1.73,96.55000000000001
UTTAR PRADESH,KANPUR NAGAR,99.93,91.61,97.54,1.83,0.24,0.32,99.45
UTTAR PRADESH,KASGANJ,99.81,92.63,94.64,5.22,7.08,5.23,87.69
UTTAR PRADESH,KAUSHAMBI,95.32,92.51,91.86,9.73,6.13,2.87,91.00999999999999
UTTAR PRADESH,LAKHIMPUR KHERI,99.62,97.71,98.1,6.2,7.54,0.49,91.97999999999999
UTTAR PRADESH,KUSHI NAGAR,99.74,91.43,89.45,37.97,1.31,4.59,94.10000000000001
UTTAR PRADESH,LALITPUR,99.32,78.44,97.24,1.88,3.64,9.59,86.77000000000001
UTTAR PRADESH,LUCKNOW,99.58,58.53,74.76,8.8,2.74,3.05,94.2
UTTAR PRADESH,MAHARAJGANJ,99.78,51.46,97.16,26.77,2.84,5.35,91.83
UTTAR PRADESH,MAHOBA,99.83,94.04,96.45,5.49,4.619999999999999,13.37,82.01
UTTAR PRADESH,MAINPURI,99.28,91.86,91.26,14.76,1.68,0.72,97.60000000000001
UTTAR PRADESH,MATHURA,99.83,70.02,65.99,4.68,0.97,0.5,98.53
UTTAR PRADESH,MAU,99.77,87.45,96.6,30.85,1.2900000000000003,0.33,98.38
UTTAR PRADESH,MEERUT,99.87,90.8,95.67,28.41,1.11,1.77,97.12
UTTAR PRADESH,MIRZAPUR,99.09,77.89,86.61,16.66,11.9,3.67,84.42999999999999
UTTAR PRADESH,MORADABAD,99.57,78.91,85.17,32.33,7.73,10.21,82.06
UTTARAKHAND,ALMORA,100.0,21.49,51.87,3.77,43.41,11.33,45.26
UTTARAKHAND,BAGESHWAR,100.0,21.37,10.28,11.05,64.25,6.48,29.27
UTTARAKHAND,CHAMOLI,100.0,10.26,6.6,14.19,60.849999999999994,36.53,2.63
UTTARAKHAND,CHAMPAWAT,100.0,14.86,13.78,20.61,66.28999999999999,2.74,30.96
UTTARAKHAND,DEHRADUN,34.34,5.42,7.35,29.1,44.32,2.38,53.300000000000004
UTTARAKHAND,HARIDWAR,97.94,58.31,15.79,22.5,9.870000000000001,10.04,80.09
UTTARAKHAND,NAINITAL,99.98,11.66,34.41,32.17,13.7,6.27,80.03999999999999
UTTARAKHAND,PAURI GARHWAL,95.65,15.69,2.91,1.24,20.91,5.48,73.61999999999999
UTTARAKHAND,PITHORAGARH,100.0,22.69,17.88,17.65,57.769999999999996,3.92,38.309999999999995
UTTARAKHAND,RUDRA PRAYAG,97.5,6.85,1.16,47.3,46.21,15.15,38.64
UTTARAKHAND,TEHRI GARHWAL,96.67,20.33,27.08,20.96,77.74,8.33,13.94
UTTARAKHAND,UDHAM SINGH NAGAR,99.38,70.3,60.08,48.28,1.1500000000000001,0.61,98.23
UTTARAKHAND,UTTAR KASHI,48.84,2.79,1.28,49.09,94.4,1.86,3.7199999999999998
WEST BENGAL,24 PARAGANAS NORTH,59.6,59.59,0.0,6.06,26.26,5.05,68.69
WEST BENGAL,24 PARAGANAS SOUTH,27.52,25.47,6.6,21.37,86.50999999999999,0.74,12.76
WEST BENGAL,ALIPURDUAR,78.26,27.91,3.53,46.51,98.66,0.44,0.9099999999999999
WEST BENGAL,BANKURA,17.79,16.91,1.06,5.46,97.41000000000001,0.32,2.27
WEST BENGAL,BARDHAMAN,36.93,20.89,14.73,47.93,85.61999999999999,1.62,12.75
WEST BENGAL,BIRBHUM,63.9,63.07,3.73,10.79,43.57,6.22,50.21
WEST BENGAL,COOCHBEHAR,55.42,33.93,2.38,52.98,98.78999999999999,0.0,1.21
WEST BENGAL,DARJEELING,100.0,0.0,0.0,26.47,100.0,0.0,0.0
WEST BENGAL,DINAJPUR DAKSHIN,16.98,15.1,5.66,0.0,0.0,5.66,94.34
WEST BENGAL,DINAJPUR UTTAR,100.0,0.0,0.0,25.0,100.0,0.0,0.0
WEST BENGAL,HOOGHLY,33.71,26.88,0.65,1.2,94.03,0.19,5.79
WEST BENGAL,HOWRAH,14.66,26.66,73.33,5.33,92.0,1.33,6.67
WEST BENGAL,JALPAIGURI,78.08,18.55,5.28,37.64,94.94000000000001,0.77,4.29
WEST BENGAL,KALIMPONG,0.0,0.0,0.0,100.0,100.0,0.0,0.0
WEST BENGAL,MALDAH,73.33,72.88,3.62,9.8,46.16,2.47,51.379999999999995
WEST BENGAL,MEDINIPUR EAST,100.0,100.0,0.0,33.33,0.0,0.0,100.0
WEST BENGAL,MEDINIPUR WEST,95.26,36.05,4.24,3.91,6.8500000000000005,3.26,89.9
WEST BENGAL,MURSHIDABAD,16.28,39.48,0.62,21.2,41.35,0.63,58.03
WEST BENGAL,NADIA,31.68,41.45,0.66,23.57,16.5,1.83,81.67
WEST BENGAL,PURULIA,50.27,50.29,11.25,2.59,99.98,0.0,0.02
ANDHRA PRADESH,CUDDAPAH,95.09,44.85,12.32,34.12,0.0,100.0,0.0
ARUNACHAL PRADESH,ANJAW,3.79,13.39,83.09,18.16,98.58,0.46,0.97
ARUNACHAL PRADESH,LONGDING,53.7,20.86,94.06,65.19,96.50000000000001,0.17,3.34
ARUNACHAL PRADESH,TIRAP,58.33,27.22,98.11,78.63,90.42,0.38,9.22
ARUNACHAL PRADESH,NAMSAI,27.94,24.5,88.98,44.26,87.11,0.58,12.33
ASSAM,DIMA HASAO,51.39,16.25,74.77,54.83,93.19,0.12,6.6899999999999995
BIHAR,JEHANABAD,30.2,25.66,22.58,36.64,27.57,2.33,70.10000000000001
BIHAR,LAKHISARAI,73.34,45.99,10.61,12.29,30.24,3.83,65.92
MAHARASHTRA,MUMBAI,16.83,11.81,19.11,8.18,71.44,4.0,24.57
BIHAR,SHEOHAR,81.72,35.07,12.38,52.43,23.86,0.21,75.92
JHARKHAND,DEOGHAR,86.25,66.06,42.66,61.67,23.86,0.21,75.92
MANIPUR,CHURACHANDPUR,66.67,19.54,72.41,100.0,79.3,0.0,20.69
MANIPUR,IMPHAL EAST,66.67,0.0,66.67,86.42,82.72,0.0,17.28
MANIPUR,IMPHAL WEST,55.56,0.0,55.56,95.47,94.24,0.0,5.76
MANIPUR,SENAPATI,42.13,13.81,74.85,43.79,76.65,0.12,23.220000000000002
PUDUCHERRY,MAHE,100.0,17.15,43.63,32.21,94.65,1.31,4.07
PUDUCHERRY,YANAM,95.82,24.8,13.7,18.62,0.0,100.0,0.0
UTTAR PRADESH,MUZAFFARNAGAR,99.76,85.86,91.29,81.24,0.95,0.12,98.93
UTTAR PRADESH,PILIBHIT,99.95,83.75,94.35,72.9,0.08,0.74,99.19
UTTAR PRADESH,PRATAPGARH,99.6,96.4,97.01,4.36,2.65,6.37,90.97
UTTAR PRADESH,RAE BARELI,99.71,88.98,87.17,11.76,3.2800000000000002,2.08,94.65
UTTAR PRADESH,RAMPUR,99.77,94.25,97.9,32.58,2.7199999999999998,8.25,89.03
UTTAR PRADESH,SAHARANPUR,99.94,94.07,98.49,49.35,0.98,0.02,99.0
UTTAR PRADESH,SAMBHAL,99.49,97.41,98.34,20.05,6.82,17.42,75.77
UTTAR PRADESH,SANT KABIR NAGAR,99.79,92.21,64.04,21.73,12.77,6.27,80.97
UTTAR PRADESH,SANT RAVIDAS NAGAR,98.78,95.21,94.67,8.22,0.7899999999999999,1.67,97.54
UTTAR PRADESH,SHAHJAHANPUR,99.77,94.22,96.36,26.8,13.260000000000002,7.93,78.82
UTTAR PRADESH,SHAMLI,100.0,92.36,98.99,20.61,1.6,0.81,97.6
UTTAR PRADESH,SHRAVASTI,21.25,95.28,97.85,10.99,24.919999999999998,4.59,70.5
UTTAR PRADESH,SIDDHARTH NAGAR,99.78,62.13,34.34,6.44,27.720000000000002,15.33,56.94
UTTAR PRADESH,SITAPUR,99.34,92.91,83.45,39.53,2.21,4.31,93.47999999999999
UTTAR PRADESH,SONBHADRA,41.9,86.84,97.41,0.62,13.879999999999999,1.84,84.28
UTTAR PRADESH,SULTANPUR,99.83,94.26,80.08,21.47,1.8699999999999999,1.66,96.47
UTTAR PRADESH,UNNAO,99.77,83.15,92.41,1.0,0.33,0.08,99.6
UTTAR PRADESH,VARANASI,99.82,84.18,78.56,8.6,0.59,1.0,98.42
TELANGANA,HYDERABAD,79.59,57.04,11.67,16.74,37.11,1.67,61.24
